regime,n_trades,win_rate,sharpe_ratio,total_return_pct,max_drawdown_pct
Overall,744,0.5349462365591398,1.1083445279535253,41.245908205432166,-16.96379918636378
Regime 1 (early),218,0.5137614678899083,0.022721111142519738,0.2605619070788341,-12.608542484814777
Regime 2 (mid),268,0.5410447761194029,1.6610140849196626,21.08344994982727,-6.330082527001634
Regime 3 (late),258,0.5465116279069767,1.5291884695629323,19.901896348526066,-16.96379918636379
