regime,n_trades,win_rate,sharpe_ratio,total_return_pct,max_drawdown_pct
Overall,529,0.555765595463138,0.9139737283049527,6.6673817459438585,-2.1932366049268888
Regime 1 (early),154,0.5324675324675324,0.6874407946651077,1.2907867861619289,-1.2070333210547757
Regime 2 (mid),182,0.5659340659340659,1.6101830958132908,4.140298873934133,-1.7190079825057447
Regime 3 (late),193,0.5647668393782384,0.4473869767737674,1.2362960858477958,-2.1932366049268874
